290311.79120873346,2758089.653746328,35R
293659.3044548563,2761651.0575909447,35R
304674.2156531487,2773387.7232609484,35R
289721.29875001754,2757461.694078275,35R
294536.0221914123,2762584.2123331325,35R
288729.90360678826,2756407.570888225,35R
262712.4389266305,2728822.3660757756,35R
295653.7923070375,2763774.1893053204,35R
280980.3402196814,2748175.2832385916,35R
273354.6975424498,2740087.7331140246,35R
295281.05248958414,2763377.3393810233,35R
291671.60096471384,2759536.0436977227,35R
292594.7877970644,2760518.2486046827,35R
292519.83699237957,2760438.4991121674,35R
292526.5107290107,2760445.6000799406,35R
293679.8354277371,2761672.908215291,35R
288072.4862050217,2755708.679118449,35R
279847.9283465155,2746973.4589669723,35R
292660.8053969098,2760588.4940005187,35R
262913.8626996525,2729035.351899175,35R
293572.9710078484,2761559.176008313,35R
301162.4567413256,2769642.8542661523,35R
293505.32010178466,2761487.1787610026,35R
292273.21197905124,2760176.0930206166,35R
291414.983019284,2759263.054720986,35R
295449.3627529646,2763556.532635683,35R
293028.7668661299,2760980.037939971,35R
270502.4732965322,2737066.058932197,35R
293337.16504319734,2761308.224797217,35R
271335.00083401566,2737947.8606829806,35R
300789.92955132644,2769245.7639972456,35R
292807.31485850585,2760744.389512738,35R
294028.9547442043,2762044.482178144,35R
305795.47040796635,2774584.0009454046,35R
292909.8797947173,2760853.5281057036,35R
306864.07856151846,2775724.377647309,35R
286161.1942108239,2753677.362030919,35R
288578.4743420135,2756246.57980836,35R
301633.1865431997,2770144.6675453465,35R
278633.8335911507,2745685.262830314,35R
264605.4587107153,2730824.3995271004,35R
292191.583416839,2760089.2442262378,35R
292619.12095575756,2760544.1399548315,35R
291050.31972122524,2758875.1531822104,35R
277786.4790254721,2744786.385279452,35R
292696.0213556065,2760625.965607695,35R
294470.2288205272,2762514.1775994124,35R
310227.2490091556,2779315.132686307,35R
293164.4884959664,2761124.465633958,35R
306683.6672591012,2775531.831405165,35R
290691.7982056578,2758493.8140782835,35R
293354.41191501846,2761326.578967354,35R
279631.8952804961,2746744.216436049,35R
291266.90197873267,2759105.5335660395,35R
291369.7991457712,2759214.9898664327,35R
302266.37762427866,2770819.7496035392,35R
283065.98277946614,2750389.5174798146,35R
293936.4671448494,2761946.0432769973,35R
293197.9564828493,2761160.0811147536,35R
292559.5712931005,2760480.777223451,35R
293176.8080202725,2761137.5756186265,35R
310261.5507412057,2779351.7690071966,35R
301466.77909877046,2769967.2660194333,35R
291356.4493052559,2759200.788911399,35R
302289.03438651137,2770843.906999815,35R
301661.58714149194,2770174.945124279,35R
292796.9453409511,2760733.3555179364,35R
296348.4149469254,2764513.8266475354,35R
300184.4888764393,2768600.470285544,35R
271510.20769562887,2738133.456911068,35R
298879.3797703816,2767209.736632061,35R
291770.07632755174,2759640.805280006,35R
292763.475300779,2760697.7408881527,35R
282417.97305777046,2749701.4500949644,35R
292625.7945910514,2760551.2409645943,35R
293718.43348208925,2761713.9874614864,35R
313459.6164008239,2782768.687754958,35R
302212.6572024289,2770762.4715648633,35R
278749.0695297775,2745807.517992432,35R
292012.81844090205,2759899.0523028825,35R
292154.2084898317,2760049.4796360894,35R
292200.41372554435,2760098.6391697987,35R
293546.2802939713,2761530.7703828826,35R
301753.2474312115,2770272.664450354,35R
310219.0575238012,2779306.3837254425,35R
292437.5954633498,2760350.9935717597,35R
290373.5181697042,2758155.3018713635,35R
282345.6823958128,2749624.696507095,35R
293659.3044548563,2761651.0575909447,35R
292411.92685922096,2760323.6823173137,35R
283692.54402158584,2751054.899916354,35R
292722.7155419317,2760654.369793789,35R
293480.2716371847,2761460.5212802785,35R
306203.3655290762,2775019.2597146444,35R
271077.58977189317,2737675.1980490778,35R
291202.30802036286,2759036.8233164973,35R
306719.11473759584,2775569.6625849805,35R
290999.58770602755,2758821.190638293,35R
286480.70643072075,2754016.8817801075,35R
294286.5991972446,2762318.7154994453,35R
303539.4420231091,2772177.315223089,35R
288668.3666272734,2756342.147608807,35R
302102.34440863424,2770644.8554096264,35R
283101.5587432587,2750427.295345437,35R
306604.78055538744,2775447.6409204123,35R
286547.093960382,2754087.4293070226,35R
292211.81096683006,2760110.7652089046,35R
292682.98223266425,2760612.091271675,35R
293011.108474122,2760961.2471307144,35R
279631.8952804961,2746744.216436049,35R
291294.73161166534,2759135.13695046,35R
294597.0934478375,2762649.2214194615,35R
291634.2230666647,2759496.280338152,35R
271293.90225848445,2737904.326039092,35R
293228.13912158937,2761192.2006583572,35R
293577.17991816136,2761563.6553610642,35R
306488.90756316844,2775323.980040659,35R
292723.12622087006,2760654.80678162,35R
280598.8453955937,2747770.372296786,35R
299457.04463559133,2767825.2526198523,35R
294559.73227644863,2762609.4511267412,35R
293335.00918101915,2761305.930527277,35R
283683.9078756444,2751045.728084592,35R
294644.6157278037,2762699.808485891,35R
289659.66836030904,2757396.157723153,35R
294044.146810662,2762060.651994084,35R
293104.9438011269,2761061.100843752,35R
291603.21157159307,2759463.2899256265,35R
288493.6148939278,2756156.36427214,35R
286397.5669214795,2753928.5339521486,35R
278880.9710552299,2745947.457504564,35R
289952.304834786,2757707.348316844,35R
292612.0366277612,2760536.6019629417,35R
291360.9677158637,2759205.5953872246,35R
292622.4064385998,2760547.6358362082,35R
292694.27596270444,2760624.1084124846,35R
286592.8249177956,2754136.0264488063,35R
300903.7510240311,2769367.0870831544,35R
292810.6002467751,2760747.8854333046,35R
293300.7206107669,2761269.440749767,35R
292108.9270421379,2760001.303424247,35R
288555.3589837507,2756222.0053134384,35R
299257.3498855909,2767612.4644067427,35R
289871.26360990905,2757621.1668774555,35R
288679.97548397107,2756354.4895447497,35R
267519.88713091763,2733908.2010377995,35R
291792.87228994304,2759665.0567452614,35R
292180.8022098134,2760077.773662307,35R
299270.78613964736,2767626.781355968,35R
290075.76495109446,2757838.642004017,35R
293792.75462530425,2761793.0871274034,35R
301712.74891681806,2770229.488619029,35R
271375.9961520648,2737991.2863211385,35R
279026.5535328178,2746101.9161793017,35R
311193.2594184822,2780346.993791074,35R
264187.85874772875,2730382.683543766,35R
291788.5595463937,2759660.46862769,35R
306560.62407172105,2775400.516291972,35R
293410.0532983213,2761385.7931448887,35R
292404.226258334,2760315.48894912,35R
291656.0953241332,2759519.548447168,35R
292733.70119464665,2760666.0592219536,35R
280094.60888270114,2747235.235660738,35R
291102.5917709353,2758930.7544351732,35R
291958.19198257365,2759840.935473252,35R
264172.4946948744,2730366.43296114,35R
306527.73702856613,2775365.418912658,35R
292376.0933193479,2760285.555875924,35R
294090.44133581547,2762109.9263208658,35R
278733.9449274916,2745791.4719553054,35R
291281.6896950996,2759121.263771587,35R
278928.6072298951,2745997.997547654,35R
294921.83923923736,2762994.9207774,35R
275072.9788784456,2741908.9671663204,35R
299462.68564121856,2767831.263623359,35R
283252.0861267999,2750587.1424511345,35R
292076.9936785129,2759967.328894885,35R
294460.06722676475,2762503.3610269907,35R
292842.1193565804,2760781.4244560157,35R
289715.854755603,2757455.905023917,35R
291030.2939727242,2758853.852158588,35R
276148.8784043278,2743049.664095409,35R
285945.3682195477,2753448.0342125357,35R
304216.8249180281,2772899.8112812764,35R
291790.7159185237,2759662.7626863285,35R
291495.1836264079,2759348.370155972,35R
292782.0583810514,2760717.5146462275,35R
304826.29630429076,2773549.9627174535,35R
300534.49050509103,2768973.5005255295,35R
292838.01264078624,2760777.0545472084,35R
292784.4197631596,2760720.027335285,35R
307206.958867469,2776090.341574152,35R
285951.4319989763,2753454.4771922412,35R
292345.90674656077,2760253.43796264,35R
279092.91338490194,2746172.3235747097,35R
285606.19876384083,2753087.667838321,35R
287147.6342372603,2754725.6458433475,35R
294295.7346107858,2762328.439387831,35R
293224.7512813286,2761188.595400585,35R
293761.8560206595,2761760.201726479,35R
294112.30537663033,2762133.197835152,35R
290763.68894042715,2758570.277870498,35R
299609.9654391627,2767988.2061805623,35R
306617.89425587154,2775461.636193933,35R
274362.5134563134,2741155.8539966163,35R
301625.8044178982,2770136.7975694016,35R
290753.5215844378,2758559.463685763,35R
292160.47188535356,2760056.14347607,35R
301589.81643693,2770098.431486719,35R
278497.50276326237,2745540.631673971,35R
268022.50530310994,2734440.2180955713,35R
306702.4155161296,2775551.840371667,35R
291811.252760333,2759684.6108785905,35R
306349.77527101897,2775175.500659784,35R
262571.964680625,2728673.8336455794,35R
287723.04907321616,2755337.236707326,35R
280609.23419624055,2747781.398330519,35R
294234.14730588003,2762262.885186696,35R
292002.242301311,2759887.8003455526,35R
291533.8972680901,2759389.5532964976,35R
285744.64368379395,2753234.761967548,35R
292735.44657702337,2760667.9164215247,35R
289952.304834786,2757707.348316844,35R
269487.7858296739,2735991.522989828,35R
298400.96224468155,2766700.0285979477,35R
285544.4269267249,2753022.03825507,35R
262842.0810380955,2728959.4488339387,35R
292252.67658761755,2760154.2442275784,35R
280798.904075197,2747982.7065060893,35R
279099.60077485495,2746179.418908829,35R
301353.8902914562,2769846.9225570587,35R
270890.7313116046,2737477.2774285735,35R
291246.3634283471,2759083.686081285,35R
278064.7237679991,2745081.5309217507,35R
299327.71041969967,2767687.43726126,35R
283807.2803133755,2751176.754695909,35R
305872.72757247905,2774666.437979465,35R
279621.50494047324,2746733.19103522,35R
294744.68851232977,2762806.336794877,35R
292725.07694547455,2760656.8824739633,35R
292339.23282560485,2760246.337071238,35R
299231.0926983481,2767584.486279742,35R
294039.11700878816,2762055.298472319,35R
303605.55377288396,2772247.8253409406,35R
292139.9361399247,2760034.294829679,35R
308865.2718466165,2777860.677696223,35R
286325.62830142106,2753852.089952238,35R
292041.7743860682,2759929.858668903,35R
273456.63930387155,2740195.764555153,35R
291020.53781664395,2758843.474746011,35R
291133.6056384738,2758963.743865377,35R
297559.0302771084,2765803.157174505,35R
287693.2520437479,2755305.5645258697,35R
283194.09647684987,2750525.56184085,35R
291986.737444398,2759871.304770427,35R
290929.03463450476,2758746.1458326085,35R
294695.93529610045,2762754.438308433,35R
293197.34050917847,2761159.425614464,35R
290486.5971663141,2758275.5663655545,35R
290501.592054648,2758291.5143064824,35R
285780.82183095627,2753273.201017795,35R
291092.4249413153,2758919.940032553,35R
306630.90547931625,2775475.5221403516,35R
303561.2743498654,2772200.599928603,35R
271693.44378574647,2738327.5657479386,35R
292488.8296959193,2760405.5069604577,35R
303773.2388483423,2772426.670869336,35R
302768.7035707034,2771355.373816948,35R
293649.0389442217,2761640.1322888024,35R
292638.8338280458,2760565.1152533526,35R
277841.5320771679,2744844.780947446,35R
282714.2228007156,2750016.001284626,35R
291786.81391129165,2759658.6115328167,35R
290661.09035119833,2758461.153215191,35R
292607.92976743693,2760532.232114027,35R
293251.44330851943,2761217.0004815552,35R
264195.79854640865,2730391.081501504,35R
294480.3903984765,2762524.994178394,35R
307308.37501632096,2776198.5905011306,35R
292263.04696835065,2760165.2778647235,35R
284623.5363088129,2752043.7381370203,35R
291594.58583160443,2759454.113795214,35R
293092.8294692151,2761048.209413961,35R
291422.68478478363,2759271.247606808,35R
291682.7937552759,2759547.9508748,35R
278716.35095879197,2745772.806174922,35R
294726.82948169345,2762787.3255423107,35R
292259.9666589587,2760162.000546049,35R
300393.3845850306,2768823.1070796154,35R
262420.34819189913,2728513.5246612215,35R
263877.68363241694,2730054.620879184,35R
290351.5389191881,2758131.9263050645,35R
291620.873765612,2759482.0791597366,35R
291431.3107513821,2759280.4236433837,35R
283202.93890329544,2750534.9517784636,35R
306796.0535388959,2775651.7762052775,35R
304826.29630429076,2773549.9627174535,35R
292766.1446967744,2760700.5813161437,35R
294552.23948831804,2762601.475227065,35R
278597.82194789464,2745647.058261566,35R
286705.8663671544,2754256.1547792377,35R
263409.4032577183,2729559.3751571826,35R
292500.0210880898,2760417.414716798,35R
263569.8659462687,2729729.072472183,35R
282695.3027018579,2749995.9117700164,35R
293629.1238075929,2761618.937221719,35R
306793.6972376506,2775649.261401646,35R
293217.8729335787,2761181.2756370422,35R
308769.51302631554,2777758.432937926,35R
293418.6766437363,2761394.970267473,35R
308477.7215208556,2777446.8908048626,35R
292090.1366894947,2759981.3119731047,35R
291336.62987641676,2759179.705975876,35R
304221.334417289,2772904.621461376,35R
301267.4536663776,2769754.780022343,35R
291308.0815780819,2759149.3378533646,35R
272725.40414212784,2739420.8986983085,35R
294921.83923923736,2762994.9207774,35R
282820.2360444814,2750128.568489953,35R
292310.6889021954,2760215.967136774,35R
291713.4968164032,2759580.613722354,35R
291651.7824904197,2759514.9603669364,35R
274233.91940737294,2741019.552690038,35R
292123.1994597111,2760016.4882026264,35R
293166.6444143964,2761126.7598805805,35R
292057.58715307264,2759946.6820259527,35R
292210.37347803276,2760109.2357981144,35R
292221.9760571658,2760121.5803318066,35R
291797.39039918355,2759669.863345885,35R
291958.19198257365,2759840.935473252,35R
291770.07632755174,2759640.805280006,35R
277800.5767665167,2744801.338918551,35R
301271.4525391668,2769759.0428336672,35R
291779.72868168383,2759651.0739144315,35R
262732.55063632154,2728843.6318303877,35R
294418.90747815894,2762459.5485128686,35R
294706.3017999227,2762765.4735529055,35R
292607.92976743693,2760532.232114027,35R
291564.909091686,2759422.543572979,35R
315825.84483832645,2785298.3647555923,35R
280506.1683408092,2747672.0116402516,35R
297676.6015801291,2765928.3907981324,35R
312960.6788718387,2782235.451082542,35R
300010.66038097226,2768415.214994156,35R
289381.19448901096,2757100.0456143715,35R
284311.02708945086,2751711.789921427,35R
306524.8683689049,2775362.35746232,35R
278119.4658066126,2745139.6000835286,35R
305716.57288311055,2774499.814981588,35R
291564.909091686,2759422.543572979,35R
295199.05097762623,2763290.0379542075,35R
289161.3653696963,2756866.305096966,35R
306679.36437277764,2775527.2391865468,35R
291010.37085957226,2758832.660396152,35R
306253.15955667524,2775072.3967878036,35R
289592.7987317414,2757325.051049067,35R
262353.20264720614,2728442.531129404,35R
291039.1258488458,2758863.2464530594,35R
293885.244259431,2761891.5251847315,35R
290435.24454884813,2758220.950237156,35R
289346.37158265675,2757063.018291773,35R
294521.54975952866,2762568.8068532906,35R
301343.5343626003,2769835.8829161385,35R
271592.504912885,2738220.636509353,35R
306484.80945297016,2775319.60655061,35R
293641.23714535206,2761631.829063648,35R
302111.878952709,2770655.0210873783,35R
305947.0124385628,2774745.704721366,35R
294583.13435387326,2762634.362178836,35R
292930.4131221493,2760875.3777539884,35R
286655.7173098001,2754202.8613844,35R
304441.0662181844,2773139.010004479,35R
278278.8531062361,2745308.6784594124,35R
301610.32243342523,2770120.292492312,35R
283551.79399197607,2750905.421478575,35R
294275.205573684,2762306.5879606847,35R
292511.21246110555,2760429.322481073,35R
278007.20297925954,2745020.514841552,35R
292749.71762721165,2760683.101766443,35R
292059.4353960716,2759948.648393396,35R
282063.1961982009,2749324.781992365,35R
289752.31916016643,2757494.680801077,35R
292191.172704516,2760088.8072522385,35R
290854.2701422556,2758666.6227139044,35R
282414.06547470886,2749697.301244024,35R
276749.852494435,2743686.9446002794,35R
270447.2561977699,2737007.5791565664,35R
285493.0356047442,2752967.4381187866,35R
313271.6110416983,2782567.7513354844,35R
285986.4784788919,2753491.715476132,35R
292682.98223266425,2760612.091271675,35R
287024.4272532232,2754594.7025791784,35R
293254.9337963227,2761220.7149954843,35R
291739.3735319489,2759608.142322486,35R
282730.88066883467,2750033.688810589,35R
297100.9333680302,2765315.2352792895,35R
290325.3485944478,2758104.072282277,35R
293977.42463397735,2761989.636019718,35R
267599.55417936505,2733992.524217878,35R
291731.15871270525,2759599.4030797565,35R
283692.02996559726,2751054.353973856,35R
291309.8273409074,2759151.194895348,35R
291731.15871270525,2759599.4030797565,35R
289733.1111751712,2757474.255240391,35R
262522.45763420616,2728621.4877009317,35R
285883.80512508255,2753382.6217188295,35R
306476.4083189532,2775310.6408994,35R
302641.99807899096,2771220.263813865,35R
294726.82948169345,2762787.3255423107,35R
301096.9353396271,2769573.0103290817,35R
294559.73227644863,2762609.4511267412,35R
292270.9530891498,2760173.6896520746,35R
293233.5801946961,2761197.9909223653,35R
292223.92693128204,2760123.655962203,35R
290488.3431482288,2758277.423316849,35R
296522.4438352217,2764699.1505523394,35R
276657.5330857462,2743589.0427134917,35R
299878.36301437544,2768274.2255373574,35R
295050.850387402,2763132.2627431643,35R
294891.15124784457,2762962.25168277,35R
281525.9556763824,2748754.4450319344,35R
300587.30188964424,2769029.7890980984,35R
290722.8140194785,2758526.8027028525,35R
289955.07809089957,2757710.2974989153,35R
290609.5336964085,2758406.3180540157,35R
291072.29662599077,2758898.529719376,35R
293751.69332473574,2761749.3856111798,35R
295003.8442341065,2763082.220758801,35R
293092.0081577642,2761047.3354190583,35R
288421.6992477288,2756079.910783206,35R
279099.60077485495,2746179.418908829,35R
289974.2854250906,2757730.7233288144,35R
291614.4044791501,2759475.1970542534,35R
292581.33778441034,2760503.9373681718,35R
294706.3017999227,2762765.4735529055,35R
289692.743408196,2757431.32887059,35R
295240.0005473108,2763333.633982479,35R
304005.69485147914,2772674.6088595777,35R
291164.3112764604,2758996.405645943,35R
291233.1160291539,2759069.5944677754,35R
291149.42060044385,2758980.5663134716,35R
305802.1305446509,2774591.1075711115,35R
301548.7017189752,2770054.60025174,35R
280269.583937526,2747420.9269324727,35R
291127.3412598544,2758957.0804325184,35R
290085.00895934115,2757848.4726848914,35R
279399.1888939669,2746497.2927335016,35R
292396.4229735185,2760307.1863398505,35R
295844.25905893854,2763976.988274061,35R
283735.72458126274,2751100.7591452305,35R
291565.83328284894,2759423.526727848,35R
292663.57750549325,2760591.443657709,35R
292868.81294635974,2760809.8288893257,35R
263337.2144146756,2729483.0336891697,35R
293398.8634640921,2761373.8847428537,35R
289038.1962056672,2756735.346205138,35R
302813.7059778264,2771403.362164899,35R
299425.96773508826,2767792.1374915685,35R
292028.631277908,2759915.875630936,35R
301199.98513395933,2769682.858898643,35R
293472.67495271435,2761452.436642352,35R
302646.3036459986,2771224.8549135523,35R
293566.81162201543,2761552.620859971,35R
293874.8764521832,2761880.490480915,35R
292727.0276694973,2760658.958166549,35R
282912.88055617944,2750226.942539906,35R
291184.64469658124,2759018.034550177,35R
293279.36715874623,2761246.7166146305,35R
291276.96584489214,2759116.2388433106,35R
291739.3735319489,2759608.142322486,35R
292740.27204352245,2760673.05103311,35R
292560.7006883,2760481.978928335,35R
290743.1488110453,2758548.431039383,35R
292612.0366277612,2760536.6019629417,35R
292119.2976508059,2760012.3369669677,35R
292537.0860208004,2760456.852388497,35R
291228.80291665386,2759065.0065029827,35R
293154.5301968469,2761113.8684033863,35R
272124.8886579989,2738784.640766107,35R
289336.2020264222,2757052.2050173082,35R
293097.8599995995,2761053.5626336774,35R
294234.14730588003,2762262.885186696,35R
287168.59666321205,2754747.9248590926,35R
290897.3009089889,2758712.392158008,35R
290476.2239700441,2758264.5338941854,35R
271315.84213122295,2737927.5663247635,35R
294365.84078598674,2762403.062213336,35R
292143.6325788606,2760038.2275840584,35R
293663.20534466836,2761655.2092075115,35R
295907.062609265,2764043.8599919053,35R
297702.6598539404,2765956.1477590594,35R
291739.3735319489,2759608.142322486,35R
271183.4807651324,2737787.3612955716,35R
268740.55371669086,2735200.362845076,35R
257631.6239782008,2723452.8410809184,35R
306059.3090461398,2774865.534844135,35R
264204.7694764025,2730400.5701077324,35R
292489.03504273697,2760405.7254513283,35R
277831.34472462104,2744833.9750058968,35R
291405.0220557945,2759252.4585942235,35R
272704.7047190796,2739398.965924644,35R
271376.20215804846,2737991.5045406865,35R
291147.26401697076,2758978.2723423447,35R
295683.8609731775,2763806.2042907844,35R
278011.7305729196,2745025.317530927,35R
290003.8666638433,2757762.181337014,35R
286109.80771325494,2753622.7599039525,35R
294112.30537663033,2762133.197835152,35R
270860.6521705523,2737445.418301329,35R
289531.68073237035,2757260.0613250113,35R
292698.3827687914,2760628.4782838747,35R
292845.9180663936,2760785.4666226143,35R
291237.53183186456,2759074.2916710447,35R
270098.6361549921,2736638.375351035,35R
299957.2289777739,2768358.2726058452,35R
301292.3696798092,2769781.3406326836,35R
292382.35650236905,2760292.219803938,35R
283264.62992003735,2750600.463107289,35R
292132.02986074396,2760025.8831079407,35R
305576.8091944968,2774350.686545181,35R
291441.6824342603,2759291.4567412157,35R
276657.5330857462,2743589.0427134917,35R
304573.16818028654,2773279.928866034,35R
284902.2121011126,2752339.766859214,35R
289928.57804004406,2757682.116445644,35R
295964.7346179961,2764105.2685552393,35R
293131.73898093635,2761089.614971519,35R
306347.4188073336,2775172.9859240325,35R
292350.219122633,2760258.026232432,35R
307105.7460150409,2775982.311994332,35R
306693.7073160665,2775542.54658659,35R
292491.19118393486,2760408.0196056305,35R
290383.6861157805,2758166.1158118933,35R
290307.4774892115,2758085.06603278,35R
288222.38604946196,2755868.027103012,35R
303642.8630521157,2772287.617221423,35R
294479.77454571775,2762524.338627966,35R
292571.1732526752,2760493.1220138343,35R
294197.2972907268,2762223.662038211,35R
290512.58143730817,2758303.2021900215,35R
302294.5704159444,2770849.8097170363,35R
292694.27596270444,2760624.1084124846,35R
292020.82754494244,2759907.573207321,35R
299056.82844675716,2767398.8044366045,35R
290620.5228979077,2758418.0060125273,35R
299081.65036145493,2767425.2522321357,35R
291490.97337570484,2759343.891358609,35R
295907.062609265,2764043.8599919053,35R
293156.583455639,2761116.0533988653,35R
270217.42039370455,2736764.1700160936,35R
288277.8655893194,2755927.004783189,35R
278160.7278328624,2745183.3703831052,35R
307176.32882917754,2776057.6483420073,35R
287158.01270161406,2754736.676136903,35R
293017.78170926747,2760968.348306307,35R
292680.82615471154,2760609.7970911674,35R
290139.95918352983,2757906.910732607,35R
293926.0994188999,2761935.0085394657,35R
294614.74755334645,2762668.0140062203,35R
306756.40609504306,2775609.4619484195,35R
292078.22583691415,2759968.639808003,35R
299087.4968317208,2767431.48167731,35R
293238.5079551102,2761203.234936672,35R
291594.58583160443,2759454.113795214,35R
291944.8433425718,2759826.7340210555,35R
292224.64567423065,2760124.420668199,35R
292050.60489703075,2759939.2535286793,35R
292934.21178065415,2760879.419941852,35R
286829.182092263,2754387.204783373,35R
291303.56313095894,2759144.5313926577,35R
293308.6254767523,2761277.853057129,35R
292552.8975902132,2760473.6762416973,35R
293854.2434402852,2761858.5303480783,35R
292079.14995556325,2759969.622992905,35R
293002.27926022885,2760951.8517335006,35R
293542.5846480717,2761526.8372998475,35R
292735.85725516203,2760668.353409688,35R
313083.395500037,2782366.598455563,35R
293089.4415588152,2761044.6041852618,35R
290564.3442627365,2758358.2555011148,35R
295660.7707128932,2763781.6193992095,35R
292180.8022098134,2760077.773662307,35R
301717.0550999645,2770234.0794619187,35R
292273.21197905124,2760176.0930206166,35R
293016.6523930297,2760967.1465687,35R
293467.2340786798,2761446.6462958185,35R
271592.504912885,2738220.636509353,35R
303117.1309203829,2771726.9316426073,35R
293026.6109022204,2760977.7437121994,35R
285955.7485843116,2753459.0637215744,35R
285935.1933906429,2753437.223116186,35R
291878.8185149168,2759756.4916195683,35R
292968.2969419826,2760915.6904252316,35R
302840.4612473872,2771431.8928844533,35R
282714.2228007156,2750016.001284626,35R
292252.67658761755,2760154.2442275784,35R
301309.4929752146,2769799.5942439334,35R
290281.28698826046,2758057.2120829043,35R
292550.74146936287,2760471.3820789643,35R
292829.59386534255,2760768.096237495,35R
262493.475213801,2728590.8435817314,35R
293229.26840128563,2761193.4024111107,35R
293330.6974545293,2761301.341988281,35R
282583.73470906715,2749877.4495983566,35R
289725.6128555856,2757466.2816321133,35R
292718.1980719078,2760649.5629283516,35R
292396.4229735185,2760307.1863398505,35R
291907.4670056503,2759786.9700149307,35R
306274.8802882751,2775095.5759727103,35R
292744.5841595082,2760677.639410669,35R
292711.5245309331,2760642.461879505,35R
294839.62794119585,2762907.402701998,35R
286263.8632289042,2753786.4575775377,35R
294080.1765026741,2762099.0007377756,35R
291262.6915811559,2759101.05482949,35R
287373.79883655556,2754966.0204096674,35R
292817.47902311664,2760755.2050192086,35R
293197.34050917847,2761159.425614464,35R
305822.11091361486,2774612.427465394,35R
294466.12312798173,2762509.8072663313,35R
302395.8584175889,2770957.8079275494,35R
290708.74394996057,2758511.837657018,35R
294285.36745511554,2762317.404413777,35R
294216.08158627024,2762243.656000061,35R
301705.3668819262,2770221.618605415,35R
304478.7806292976,2773179.2411862933,35R
285657.5892007788,2753142.2683397387,35R
298535.95668494527,2766843.8469656236,35R
278582.4912173083,2745630.7940553506,35R
294691.8297454821,2762750.067916471,35R
291900.79263729876,2759779.869308859,35R
291759.9105349302,2759629.990447998,35R
292112.31546063995,2760004.908442407,35R
289408.10764089803,2757128.662653584,35R
292666.246942277,2760594.2840687963,35R
292511.8284994308,2760429.977954566,35R
283275.22015309276,2750611.7092426936,35R
291205.4915213231,2759040.209666015,35R
268235.00129925983,2734665.160046278,35R
283313.67386576795,2750652.544783672,35R
278942.18810657423,2746012.4063979024,35R
289185.7112941225,2756892.1911630095,35R
310185.77950768673,2779270.841116681,35R
259912.4012530173,2725862.522124111,35R
292711.5245309331,2760642.461879505,35R
309940.5408387602,2779008.9216452264,35R
302717.4476016946,2771300.717542648,35R
291761.8615468605,2759632.066021311,35R
294378.97919481597,2762417.0471992665,35R
290609.7391022134,2758406.5365204597,35R
288155.19353392476,2755796.5988389156,35R
278870.57953301497,2745936.4325895193,35R
298642.2269349153,2766957.0664994293,35R
280162.08952425444,2747306.8482943033,35R
294839.62794119585,2762907.402701998,35R
292560.7006883,2760481.978928335,35R
278908.4416341942,2745976.6026093685,35R
285297.8477019393,2752760.0683118347,35R
280899.18827567965,2748089.1474733935,35R
304544.5753539017,2773249.427325948,35R
271249.7132805869,2737857.5182297747,35R
300597.65902348363,2769040.8282371648,35R
287574.37082408293,2755179.2039997214,35R
310288.17285540723,2779380.2032192936,35R
272653.3163198364,2739344.5160187553,35R
260664.1309944382,2726656.986761454,35R
292007.68439469277,2759893.590186789,35R
278100.01802906033,2745118.9702284057,35R
292052.96654329065,2759941.7661082945,35R
293529.0339285569,2761512.4160027998,35R
294448.2633353685,2762490.796329889,35R
292994.4766891871,2760943.5488284486,35R
293905.5692199505,2761913.1575941932,35R
293839.3588887509,2761842.6884779846,35R
312459.14375916886,2781699.496192314,35R
292416.9579135693,2760329.0353198964,35R
291739.3735319489,2759608.142322486,35R
291996.18411656056,2759881.3550527976,35R
290589.81470915966,2758385.3452877854,35R
292783.18773781834,2760718.7163670375,35R
291767.91994861903,2759638.511224185,35R
279004.43343388033,2746078.4471084066,35R
308007.07882956346,2776944.4327396625,35R
294088.49101876013,2762107.850459564,35R
292823.5364470359,2760761.6506271884,35R
291716.88543973875,2759584.2186556747,35R
291903.1543376477,2759782.3818660695,35R
292899.5104398544,2760842.494043478,35R
292072.8864821649,2759962.9591851844,35R
294726.82948169345,2762787.3255423107,35R
282739.6208914225,2750042.969309549,35R
282102.9938583748,2749367.033935601,35R
293694.7203427317,2761688.7499346705,35R
285524.0760112867,2753000.4165812726,35R
285257.65821447165,2752717.371613179,35R
291541.701581908,2759397.8554795496,35R
291890.9350962007,2759769.3821173585,35R
280413.5928459262,2747573.7606867873,35R
292640.9899198466,2760567.4094281225,35R
283296.60620284564,2750634.419906466,35R
292211.81096683006,2760110.7652089046,35R
293436.231276026,2761413.6522815977,35R
257363.36153664184,2723169.4917398915,35R
291862.5945828003,2759739.2314760657,35R
291624.1597499368,2759485.5748333763,35R
294800.1127790853,2762865.337362947,35R
289448.47716148524,2757171.5882981075,35R
292826.1031503935,2760764.381817713,35R
283920.4724899612,2751296.972450438,35R
306815.6210508786,2775672.6600232003,35R
294815.20041466516,2762881.3986625085,35R
277841.7378821078,2744844.999249361,35R
301514.25128114305,2770017.87391388,35R
293119.00871763605,2761076.068023914,35R
292724.8716060701,2760656.6639800216,35R
293382.2326658912,2761356.1860315697,35R
260547.96197532883,2726534.2056051493,35R
278059.2701190029,2745075.745846288,35R
293188.51154685405,2761150.030112977,35R
306595.76487089484,2775438.0191763053,35R
291667.4935138334,2759531.6740934453,35R
292725.07694547455,2760656.8824739633,35R
278140.1483008666,2745161.5397965205,35R
292193.73965611146,2760091.5383399073,35R
291845.7545094382,2759721.3159017013,35R
291215.6581753114,2759051.0241413466,35R
285717.5099426871,2753205.9327338045,35R
279004.43343388033,2746078.4471084066,35R
294185.39027759555,2762210.988281647,35R
278860.39376764395,2745925.625996146,35R
290311.79120873346,2758089.653746328,35R
291506.2740299279,2759360.167969028,35R
278704.31295319553,2745760.034862597,35R
294367.5857324315,2762404.9195936495,35R
296594.5782686501,2764775.968750621,35R
277808.60320418363,2744809.852674796,35R
305997.9355028103,2774800.043645222,35R
281020.5558318745,2748217.969175658,35R
280835.4179863237,2748021.4618625725,35R
293341.0661253307,2761312.3763340497,35R
314331.9222144322,2783701.0978745953,35R
278716.35095879197,2745772.806174922,35R
302040.9334076095,2770579.379840028,35R
293352.6666979161,2761324.7216992797,35R
293127.01646679884,2761084.5894897566,35R
283344.72456070746,2750685.5190046304,35R
294440.87306206743,2762482.929741427,35R
291552.48384226375,2759409.3256072137,35R
292961.2129923614,2760908.152276538,35R
291753.1333310733,2759622.7805636274,35R
291554.4349160484,2759411.40115491,35R
287786.9581076135,2755405.168264371,35R
304680.6719797271,2773394.6107547744,35R
292981.74615854514,2760930.001991653,35R
290411.31409155094,2758195.499178246,35R
290999.58770602755,2758821.190638293,35R
303886.80305119,2772547.797107574,35R
278818.00435307674,2745880.6531718466,35R
285678.1452630112,2753164.1085867393,35R
302529.9498192081,2771100.7863286985,35R
285146.2364577179,2752599.0007331674,35R
293127.8377738502,2761085.463486483,35R
293679.8354277371,2761672.908215291,35R
306455.30298296397,2775288.117454262,35R
289586.9437548114,2757318.825132517,35R
292745.6108533713,2760678.7318816897,35R
301824.8112773417,2770348.9602272213,35R
293674.39472620725,2761667.1177972336,35R
290099.4912126978,2757863.87409578,35R
294880.7850375522,2762951.2163165044,35R
306846.4576905336,2775705.571220999,35R
293215.9223560338,2761179.1998837483,35R
292622.4064385998,2760547.6358362082,35R
292381.1244012652,2760290.9088670826,35R
294865.28700928355,2762934.717910374,35R
283858.6848129806,2751231.349398666,35R
311972.92451426556,2781179.9637037213,35R
289606.7684801243,2757339.9058762426,35R
293907.7248938721,2761915.45194219,35R
291319.0696069312,2759161.0262972927,35R
291244.20687681733,2759081.3920969344,35R
290153.31150483404,2757921.1106608557,35R
302061.2329346349,2770601.0228229016,35R
291759.70516521967,2759629.771966611,35R
301306.6220066784,2769796.533756904,35R
291272.85814628797,2759111.869341609,35R
290559.0036726953,2758352.5753897536,35R
290074.018859183,2757836.785098236,35R
284194.14071358636,2751587.638494152,35R
292819.6350560024,2760757.499218392,35R
305856.84586987353,2774649.4913428896,35R
290814.4227838339,2758624.2396576595,35R
284447.1349039331,2751856.361352181,35R
293195.1846008742,2761157.131363645,35R
276123.04321940005,2743022.2699397556,35R
307835.50850231154,2776761.2769429083,35R
292973.73823140597,2760921.480599578,35R
280599.05111457704,2747770.590634022,35R
301271.7601446641,2769759.370742273,35R
306815.8259459792,2775672.8787020533,35R
292678.67007604777,2760607.502910954,35R
264293.85943665175,2730494.8020498664,35R
293725.413956931,2761721.4166969587,35R
281256.80474254035,2748468.73744772,35R
293202.8842701238,2761165.325117926,35R
285564.98334297945,2753043.87835601,35R
290537.84667703067,2758330.0734278513,35R
293238.5079551102,2761203.234936672,35R
306543.0023746692,2775381.710210885,35R
297575.2400592901,2765820.423188879,35R
290794.7044136719,2758603.2666360294,35R
309582.752148525,2778626.8214850994,35R
293178.34795917815,2761139.2143673874,35R
282801.2134251497,2750108.369667115,35R
305802.1305446509,2774591.1075711115,35R
291805.91318766493,2759678.9303460345,35R
302281.03789122077,2770835.3808561903,35R
293300.00198611233,2761268.675994749,35R
286531.26789194933,2754070.611450377,35R
298923.5885347234,2767256.839463353,35R
293008.9525043882,2760958.9529053573,35R
281473.195965937,2748698.4385651913,35R
302340.49877441843,2770898.780483919,35R
290695.5981642556,2758497.8557276935,35R
294929.639508368,2763003.224637082,35R
294367.5857324315,2762404.9195936495,35R
292899.5104398544,2760842.494043478,35R
283539.9704411635,2750892.8649095325,35R
285965.92338137905,2753469.8748310627,35R
297251.13935202174,2765475.215362297,35R
293392.39593648806,2761367.001908603,35R
291657.3275618147,2759520.85932745,35R
279662.75758013,2746776.9651910337,35R
292232.3464865809,2760132.6139487843,35R
290021.1223247575,2757780.531867318,35R
306524.8683689049,2775362.35746232,35R
289178.2123481351,2756884.2178137875,35R
289562.0857243241,2757292.392317927,35R
292665.32290659065,2760593.300849523,35R
291603.0061969634,2759463.0714462763,35R
302958.757171087,2771558.04075499,35R
290792.5477133322,2758600.97271328,35R
292649.8196217074,2760576.804623111,35R
291228.80291665386,2759065.0065029827,35R
293659.3044548563,2761651.0575909447,35R
290782.79120291834,2758590.595447373,35R
291021.6674775661,2758844.676340843,35R
292255.6542233722,2760157.412300913,35R
293895.4067475959,2761902.3413861846,35R
278160.7278328624,2745183.3703831052,35R
263110.84576565266,2729243.650716189,35R
293824.1663460034,2761826.518859565,35R
301203.3688308407,2769686.4658781406,35R
292733.70119464665,2760666.0592219536,35R
291421.1444324091,2759269.6090293434,35R
291708.9786492253,2759575.807145726,35R
283006.0378737498,2750325.863047239,35R
278818.00435307674,2745880.6531718466,35R
302767.88347838505,2771354.4993152306,35R
294562.60622029944,2762612.510376878,35R
292201.337826929,2760099.6223618514,35R
293043.24260539084,2760995.4420483536,35R
293074.1446081758,2761028.3260404975,35R
284455.9756464176,2751865.7519837716,35R
311588.9389466528,2780769.7079614,35R
301678.6069351224,2770193.0898353606,35R
294986.8069857919,2763064.0833057044,35R
290893.8091628058,2758708.678165339,35R
289915.3279744151,2757668.025935638,35R
293065.2128150731,2761018.821358806,35R
288342.385649104,2755995.5938848117,35R
291071.8858434007,2758898.0927744764,35R
288288.24226597196,2755938.0358152706,35R
303729.4730516825,2772379.991574765,35R
292230.1902600368,2760130.319829842,35R
292773.2288577848,2760708.119377231,35R
276882.3085249737,2743827.4134485126,35R
275381.8083516542,2742236.3699692995,35R
293852.70366066473,2761856.891533278,35R
293695.54157843406,2761689.6239609765,35R
299161.03882494295,2767509.8417268856,35R
294921.83923923736,2762994.9207774,35R
278899.18190124695,2745966.7784114913,35R
293357.49170876795,2761329.856499721,35R
291061.71896608523,2758887.2783915997,35R
275666.3304852581,2742538.0223131315,35R
301825.6314887729,2770349.8346792897,35R
280804.5611732577,2747988.7108516493,35R
292200.41372554435,2760098.6391697987,35R
278150.33517721813,2745172.345933589,35R
294497.01840100985,2762542.6940490594,35R
302497.14483921893,2771065.8067966746,35R
288044.23190957785,2755678.644530084,35R
262670.56512133015,2728778.0897631296,35R
293607.9767403904,2761596.431147113,35R
299436.3267184148,2767803.175860801,35R
293357.18372945837,2761329.528746458,35R
294944.0084007875,2763018.521230833,35R
303230.50159968704,2771847.834458778,35R
274272.6317296119,2741060.584841271,35R
277715.989869042,2744711.6172691896,35R
271424.0983757449,2738042.240656711,35R
291277.3766146109,2759116.6757935393,35R
283023.1062901416,2750343.987614064,35R
285754.20213408413,2753244.9177313563,35R
285010.04032434174,2752454.3141381093,35R
291550.327391614,2759407.0315810926,35R
292248.9802103115,2760150.3114476684,35R
292738.01331496646,2760670.6475977167,35R
273219.8024985068,2739944.7834058222,35R
292775.5902430824,2760710.6320649665,35R
311117.9086388432,2780266.4987911643,35R
292947.3530687249,2760893.4037339473,35R
294952.6297210568,2763027.699193384,35R
263356.70547924377,2729503.6458542384,35R
292627.9506871521,2760553.535137582,35R
305693.7231607428,2774475.4339267607,35R
293792.75462530425,2761793.0871274034,35R
293176.8080202725,2761137.5756186265,35R
290541.23590909,2758333.678109166,35R
290671.2578507307,2758471.9673405173,35R
292365.7231178782,2760274.5221645106,35R
306591.2570239402,2775433.20830622,35R
292112.31546063995,2760004.908442407,35R
292612.0366277612,2760536.6019629417,35R
298057.00099501363,2766333.60301668,35R
293189.1275213567,2761150.6856129207,35R
295722.2419361205,2763847.0699189575,35R
280074.1382467341,2747213.511762459,35R
293854.2434402852,2761858.5303480783,35R
292345.08534127206,2760252.5640066233,35R
290307.4774892115,2758085.06603278,35R
286531.26789194933,2754070.611450377,35R
292461.4158378431,2760376.3384532314,35R
301251.2530796422,2769737.5101818256,35R
303548.2569620044,2772186.716555898,35R
293384.593831177,2761358.6988104987,35R
292324.5501755267,2760230.7151200846,35R
271201.1977702504,2737806.1279762303,35R
278962.5593692095,2746034.0196947963,35R
292742.4281018709,2760675.345221742,35R
293149.3970470444,2761108.4059158564,35R
313225.55554446834,2782518.529373586,35R
292437.5954633498,2760350.9935717597,35R
291778.4964670559,2759649.763024602,35R
291564.08758832025,2759421.669657586,35R
282714.2228007156,2750016.001284626,35R
286490.0582750483,2754026.819572861,35R
291885.49290568836,2759763.5923163537,35R
294373.53907561663,2762411.256539699,35R
306611.74721207714,2775455.075908088,35R
277086.4935086464,2744043.9580794927,35R
278977.06613912806,2746049.4109977223,35R
292663.57750549325,2760591.443657709,35R
278912.5570668911,2745980.9689212497,35R
294282.28809877567,2762314.126700026,35R
293337.16504319734,2761308.224797217,35R
290589.1984898513,2758384.6898892378,35R
290342.80882257933,2758122.6416259864,35R
306846.4576905336,2775705.571220999,35R
295423.808608352,2763529.325738923,35R
262817.3285620676,2728933.2754359175,35R
310544.5586743748,2779654.0489077256,35R
290404.33007894433,2758188.071408219,35R
291360.9677158637,2759205.5953872246,35R
305413.78190334415,2774176.7414043564,35R
294737.0932983743,2762798.2515470553,35R
291819.26211116434,2759693.1316808104,35R
296660.35022145463,2764846.0123754027,35R
283454.1205437848,2750801.6935620373,35R
292731.54513342027,2760663.7650345145,35R
292786.7811444148,2760722.5400246964,35R
291438.0882885895,2759287.6333897104,35R
278942.18810657423,2746012.4063979024,35R
298954.0524040874,2767289.29786758,35R
292108.9270421379,2760001.303424247,35R
290115.92493658816,2757881.3508901377,35R
302092.1947173023,2770634.0338881076,35R
283036.16462701745,2750357.854011834,35R
312818.5129838739,2782083.522615703,35R
279023.0554755943,2746098.204789319,35R
272746.00051883445,2739442.72237994,35R
263055.5673348553,2729185.195940511,35R
285682.05090756516,2753168.258236669,35R
294244.5145428611,2762273.920127024,35R
271353.6444648229,2737967.6095156386,35R
290206.2069717172,2757977.3643334485,35R
283005.4209422082,2750325.2079427564,35R
291484.40127163136,2759336.9000674062,35R
285935.1933906429,2753437.223116186,35R
293382.2326658912,2761356.1860315697,35R
262697.6903010248,2728806.77120471,35R
294439.4360635098,2762481.4001274058,35R
299957.84431313083,2768358.9283712734,35R
292981.3354958537,2760929.564997088,35R
291801.0870316954,2759673.796020084,35R
291708.9786492253,2759575.807145726,35R
290887.1337605077,2758701.577887382,35R
313025.0567772078,2782304.251375342,35R
292640.9899198466,2760567.4094281225,35R
314737.84592350456,2784135.0508444817,35R
280670.84664784826,2747846.7904907134,35R
271598.1698902952,2738226.6376234605,35R
281308.537701224,2748523.6514698765,35R
285596.02340965666,2753076.856958708,35R
285524.0760112867,2753000.4165812726,35R
305809.40545535734,2774598.8701963057,35R
306230.92646821076,2775048.6709555346,35R
293104.9438011269,2761061.100843752,35R
275441.1019615726,2742299.231983338,35R
292405.45835508546,2760316.7998877787,35R
293063.77551389346,2761017.2918702704,35R
301241.102058511,2769726.689214379,35R
291523.7311084989,2759378.73861646,35R
292447.9655508419,2760362.0273303953,35R
301579.4608841038,2770087.3916891413,35R
291951.51766597776,2759833.834745744,35R
293233.5801946961,2761197.9909223653,35R
291572.50799292803,2759430.627292395,35R
293759.0843778845,2761757.251876202,35R
283097.7543863697,2750423.255512094,35R
293216.1276800132,2761179.4183840826,35R
312874.397141137,2782143.243799973,35R
294080.1765026741,2762099.0007377756,35R
291738.34668010764,2759607.049916911,35R
292468.29498157033,2760383.657886899,35R
293166.6444143964,2761126.7598805805,35R
294675.6127952983,2762732.804878691,35R
293145.70117669064,2761104.4729258707,35R
293264.481297555,2761230.875287534,35R
293092.8294692151,2761048.209413961,35R
278913.688810433,2745982.1696572024,35R
295920.5057743137,2764058.1740687056,35R
292674.66592807154,2760603.2422913383,35R
263100.0170046264,2729232.199672712,35R
289315.7601434212,2757030.469263128,35R
285133.2850977732,2752585.24180688,35R
291123.13077249523,2758952.6017331397,35R
293195.8005747482,2761157.78686385,35R
290753.5215844378,2758559.463685763,35R
273511.41948148207,2740253.818079597,35R
279035.6073193776,2746111.5221333816,35R
291184.64469658124,2759018.034550177,35R
296030.7181591226,2764175.5280786823,35R
291201.6918587078,2759036.167894085,35R
278860.39376764395,2745925.625996146,35R
292509.4670188683,2760427.4653063053,35R
293379.0502243738,2761352.799243139,35R
291390.1319274596,2759236.619034996,35R
293194.67128926865,2761156.5851134937,35R
292632.57089068776,2760558.451223549,35R
301917.6995636622,2770447.992198342,35R
291748.82056132716,2759618.1924569053,35R
283653.16721655766,2751013.0807689615,35R
290290.11987479636,2758066.605959195,35R
272781.1171935854,2739479.9318174957,35R
262059.34269874022,2728131.8422335847,35R
292406.7931263039,2760318.2200714345,35R
294100.80880091334,2762120.961166579,35R
264220.7521378764,2730417.475108006,35R
291653.9389076318,2759517.2544069053,35R
264220.7521378764,2730417.475108006,35R
277075.0700193556,2744031.842862947,35R
280475.412848331,2747639.370430875,35R
275673.43308823905,2742545.552772271,35R
295794.07735620736,2763923.5566407256,35R
293209.8652957357,2761172.7541250563,35R
292403.5075351223,2760314.7242349475,35R
269913.39855877846,2736442.2115944363,35R
292665.32290659065,2760593.300849523,35R
293320.12344657077,2761290.0891476404,35R
294408.5405180316,2762448.5134576997,35R
292447.9655508419,2760362.0273303953,35R
292537.3940387515,2760457.180125747,35R
301640.7737187963,2770152.756135377,35R
301735.71519394685,2770253.9731281833,35R
290474.9915099891,2758263.2231059596,35R
275639.0523014943,2742509.101013606,35R
292581.33778441034,2760503.9373681718,35R
290197.37397200835,2757967.970503984,35R
292202.7753177123,2760101.1517718197,35R
290514.53282108577,2758305.277609392,35R
293081.84442001954,2761036.5197356716,35R
278943.3198450364,2746013.6071359417,35R
293215.9223560338,2761179.1998837483,35R
293084.00036571035,2761038.813970994,35R
293135.8455121957,2761093.98495681,35R
292057.27911252214,2759946.3542980663,35R
292150.1013419712,2760045.1099063046,35R
306099.3705945737,2774908.28465596,35R
295896.90325241274,2764033.0424911147,35R
278878.19312515005,2745944.5102493893,35R
276885.7047985556,2743831.0152281686,35R
283683.9078756444,2751045.728084592,35R
286068.59545170877,2753578.9691180126,35R
290157.6253258989,2757925.69833239,35R
291891.9619240914,2759770.4745328524,35R
290721.7870081279,2758525.7103633163,35R
291951.51766597776,2759833.834745744,35R
294249.3388950529,2762279.055200593,35R
294008.3222189881,2762022.5218434758,35R
288843.01097249286,2756527.823648941,35R
261181.3990866748,2727203.7326934347,35R
292732.469159747,2760664.748257666,35R
302430.40669645,2770994.645524481,35R
299292.73538049054,2767650.169374189,35R
292528.8722034177,2760448.112730751,35R
282953.80413177214,2750270.39761864,35R
291533.8972680901,2759389.5532964976,35R
283551.79399197607,2750905.421478575,35R
305694.645348408,2774476.417914869,35R
293803.01991012075,2761804.0125231813,35R
283149.37006805517,2750478.0663011516,35R
291708.67059225874,2759575.4794246396,35R
291184.8500843408,2759018.253024092,35R
302847.53446113854,2771439.4354961575,35R
303230.50159968704,2771847.834458778,35R
300708.3049978713,2769158.761646644,35R
292943.0410864888,2760888.8153009587,35R
285955.7485843116,2753459.0637215744,35R
293103.1985174053,2761059.243603294,35R
287435.3479621619,2755031.43867031,35R
285986.4784788919,2753491.715476132,35R
293445.2652204624,2761423.2664251407,35R
285143.76953398174,2752596.3799844915,35R
292079.14995556325,2759969.622992905,35R
291180.2288581872,2759013.337361681,35R
291004.10636300873,2758825.99701212,35R
281816.0751127518,2749062.4291182114,35R
291590.1702698287,2759449.4164921823,35R
278157.3322145002,2745179.768334505,35R
285474.8429804412,2752948.109710281,35R
292006.3495420184,2759892.170036878,35R
290383.6861157805,2758166.1158118933,35R
294182.82410812937,2762208.256869775,35R
293088.31225495867,2761043.4024425233,35R
300861.7090905659,2769322.2739547514,35R
301529.5284323667,2770034.1602864554,35R
290896.58202022116,2758711.6275123954,35R
298950.9752520394,2767286.0192381977,35R
290928.11035341246,2758745.1627149726,35R
292142.6057904769,2760037.1351522002,35R
281886.4176389077,2749137.1059523425,35R
304152.4617231481,2772831.1570352204,35R
290907.4680416789,2758723.2064351705,35R
292643.14601093624,2760569.703603186,35R
292160.88259960443,2760056.5804492696,35R
290920.8187979966,2758737.4070110684,35R
274181.1014325733,2740963.570143818,35R
293686.5079800321,2761680.0096739638,35R
294942.3662432545,2763016.773048026,35R
289343.3926233738,2757059.850766254,35R
294921.83923923736,2762994.9207774,35R
290322.16466547607,2758100.686109912,35R
278818.00435307674,2745880.6531718466,35R
291994.02781215985,2759879.060966106,35R
308994.21116113255,2777998.353661609,35R
289826.99351865903,2757574.089485592,35R
291878.8185149168,2759756.4916195683,35R
292004.39860300394,2759890.094433366,35R
281168.5595141292,2748375.0673938757,35R
271220.76882558386,2737826.8586343136,35R
305698.7439586655,2774480.791196012,35R
285893.56892647146,2753392.995971563,35R
278901.34250676294,2745969.070723852,35R
264368.20327275485,2730573.4381037154,35R
293289.7359109897,2761257.750926637,35R
274975.385768906,2741805.5091084605,35R
289397.732736659,2757117.6308887783,35R
292638.8338280458,2760565.1152533526,35R
271505.88165597443,2738128.8742653816,35R
273868.3033123568,2740632.043512668,35R
263038.0349011182,2729166.656218445,35R
273448.91649805364,2740187.5803325945,35R
292273.21197905124,2760176.0930206166,35R
294616.081873334,2762669.434376954,35R
292643.04333994794,2760569.5943567487,35R
291297.9150676682,2759138.5233185897,35R
292035.100154756,2759922.757906069,35R
291982.63019137643,2759866.9350842023,35R
266399.29432227754,2732722.2634250904,35R
306406.8424123083,2775236.4011089206,35R
281246.8283598681,2748458.147685327,35R
278849.89932627976,2745914.4919369975,35R
291499.80463015893,2759353.285910466,35R
285325.4971043257,2752789.442825783,35R
287291.90369594505,2754878.9784525693,35R
291328.6199347767,2759171.1854183124,35R
293423.0909709143,2761399.6680820505,35R
293946.7322038348,2761956.968766425,35R
291583.4955777671,2759442.315920174,35R
278952.1679754166,2746022.994726993,35R
268934.47944235906,2735405.677172252,35R
294357.21869082673,2762393.884572279,35R
292746.74021643447,2760679.9335998907,35R
288216.32436759374,2755861.583257116,35R
290571.9443256693,2758366.3387396196,35R
305799.9788089325,2774588.8115840317,35R
294788.3095024512,2762852.772410793,35R
292304.2202979197,2760209.0847487277,35R
264759.3969894897,2730987.237264552,35R
292447.9655508419,2760362.0273303953,35R
282943.62467317085,2750259.588430974,35R
301335.12656663684,2769826.9200444077,35R
305183.93821979593,2773931.515558153,35R
285157.2348147763,2752610.6849089926,35R
291627.54841954296,2759489.179747534,35R
285256.63034711906,2752716.2796273306,35R
279817.1697846949,2746940.819019574,35R
293921.9933842721,2761930.638348271,35R
290281.0815721529,2758056.993620725,35R
291942.68702124665,2759824.4399413755,35R
292447.9655508419,2760362.0273303953,35R
292867.9916067613,2760808.9549060888,35R
286189.3538409742,2753707.2840668717,35R
292153.1817031084,2760048.3872035434,35R
278767.69229180197,2745827.275377425,35R
291287.5431569303,2759127.490315104,35R
281514.1284875761,2748741.889960922,35R
292724.8716060701,2760656.6639800216,35R
315297.01072054444,2784732.8887115195,35R
292098.76177609863,2759990.488374131,35R
283623.96859801095,2750982.0713333325,35R
280639.98906458175,2747814.039796578,35R
264189.6116911073,2730384.537638,35R
285986.4784788919,2753491.715476132,35R
292887.80639579275,2760830.0397636103,35R
306884.36299313884,2775746.0269303285,35R
296574.0564626988,2764754.1143219224,35R
291076.7125372039,2758903.226877725,35R
302368.8962799665,2770929.059351724,35R
292837.29396525695,2760776.2898132764,35R
302235.724231903,2770787.066119847,35R
293194.0553152886,2761155.9296133337,35R
280588.55943823414,2747759.4554383345,35R
294901.3121706698,2762973.0685335607,35R
291744.5077887383,2759613.6043513613,35R
289880.40519241337,2757630.8882104475,35R
290650.9228358767,2758450.3390964004,35R
293480.2716371847,2761460.5212802785,35R
288657.9905521214,2756331.1163281198,35R
285534.8681712627,2753011.8826171695,35R
304511.16565506975,2773213.787600268,35R
293286.4507635445,2761254.254906253,35R
274033.2500472451,2740806.8635827554,35R
293423.0909709143,2761399.6680820505,35R
292640.9899198466,2760567.4094281225,35R
295722.2419361205,2763847.0699189575,35R
291682.7937552759,2759547.9508748,35R
304214.67265591165,2772897.515513964,35R
306052.5467142848,2774858.3187735793,35R
278773.5569076418,2745833.4973208127,35R
293381.2060720227,2761355.093519103,35R
295332.3670542756,2763431.971279927,35R
289931.9675874115,2757685.7209964953,35R
287414.7974001109,2755009.596152763,35R
285704.04580985836,2753191.627335739,35R
290876.76119881513,2758690.545153378,35R
285558.1997327246,2753036.671119767,35R
293021.16965681093,2760971.9535196116,35R
291316.9130793598,2759158.732303022,35R
291030.7047579243,2758854.2891024076,35R
306529.6836183268,2775367.4963256884,35R
301620.4728777414,2770131.1137000592,35R
292317.3628522816,2760223.068016108,35R
289972.74473191216,2757729.0848924015,35R
295753.23388580285,2763880.0684357854,35R
283399.01151644986,2750743.1694432306,35R
292964.9089670344,2760912.0852232855,35R
278541.2318259856,2745587.0226736553,35R
291770.6924356881,2759641.46072458,35R
292041.97974692355,2759930.077153957,35R
294755.6707655312,2762818.0276326695,35R
291537.28598444373,2759393.1581912967,35R
294613.92643321835,2762667.139931978,35R
313042.4561006902,2782322.846095381,35R
284890.59656258125,2752327.427682031,35R
292647.66353281843,2760574.5104471343,35R
310145.43608277786,2779227.7526349886,35R
304544.5753539017,2773249.427325948,35R
289505.4871295551,2757232.208658306,35R
292412.3375576802,2760324.119297056,35R
292350.219122633,2760258.026232432,35R
293759.2896847969,2761757.4703836134,35R
292447.9655508419,2760362.0273303953,35R
262772.4644653818,2728885.8362470903,35R
293192.51538008393,2761154.2908630394,35R
277843.89883359155,2744847.2914196374,35R
290486.5971663141,2758275.5663655545,35R
291040.35820270627,2758864.5572852385,35R
285383.4679644197,2752851.0311817997,35R
294829.4669223556,2762896.5858910484,35R
289545.0342935086,2757274.260740389,35R
292464.8040737178,2760379.9435470514,35R
290465.95346249855,2758253.6106619067,35R
291713.4968164032,2759580.613722354,35R
289223.10317071807,2756931.9487381075,35R
286479.6787547077,2754015.789715305,35R
292764.3993225929,2760698.724113175,35R
283025.7796525558,2750346.8264032905,35R
292255.6542233722,2760157.412300913,35R
306744.8294054235,2775597.1066419175,35R
292537.3940387515,2760457.180125747,35R
284680.9993809538,2752104.7779655275,35R
268560.73974122165,2735009.996416135,35R
291457.9074101462,2759308.7164524663,35R
302030.57857393206,2770568.3397427863,35R
294418.90747815894,2762459.5485128686,35R
289545.0342935086,2757274.260740389,35R
292286.3545957289,2760190.07626218,35R
291862.5945828003,2759739.2314760657,35R
287379.7585434086,2754972.3547216416,35R
293731.1625776711,2761727.5348931984,35R
291164.3112764604,2758996.405645943,35R
287384.0741898202,2754976.941638604,35R
293608.1820520514,2761596.6496525547,35R
292123.1994597111,2760016.4882026264,35R
285576.3921262512,2753055.999623481,35R
292170.02098501567,2760066.3031057385,35R
285657.5892007788,2753142.2683397387,35R
294485.830428657,2762530.784874888,35R
299068.7265664422,2767411.4818874,35R
290722.8140194785,2758526.8027028525,35R
292735.44657702337,2760667.9164215247,35R
283889.4245118357,2751263.997110002,35R
291330.26300052786,2759172.9332246617,35R
293808.0498937926,2761809.365969554,35R
284866.1319098689,2752301.43900025,35R
285832.210902069,2753327.802082753,35R
291575.0751872994,2759433.3582795095,35R
279274.39645696647,2746364.8810141855,35R
291338.7863974909,2759181.999972837,35R
279786.1024629776,2746907.851640901,35R
291354.2927900023,2759198.4949120283,35R
278091.2716554105,2745109.6922588977,35R
281010.1676793364,2748206.9428753415,35R
284506.3470919321,2751919.256838651,35R
286824.4550321596,2754382.181182255,35R
292991.3967243702,2760940.271366992,35R
294524.42372018576,2762571.866096455,35R
266677.50176636106,2733016.668099317,35R
304493.8458354601,2773195.3118198384,35R
292727.0276694973,2760658.958166549,35R
302492.4291097192,2771060.7784946263,35R
292444.98800265125,2760358.8592207828,35R
293146.00916596653,2761104.8006750033,35R
293279.36715874623,2761246.7166146305,35R
301633.1865431997,2770144.6675453465,35R
294788.3095024512,2762852.772410793,35R
293926.0994188999,2761935.0085394657,35R
278993.9392214846,2746067.3129551904,35R
280053.5646792436,2747191.6787251756,35R
294141.66261209256,2762164.4450804833,35R
293216.1276800132,2761179.4183840826,35R
306841.95001815754,2775700.7602779544,35R
264182.5999148292,2730377.1212621853,35R
292590.27023864817,2760513.441775874,35R
291424.0197565488,2759272.667707398,35R
292223.92693128204,2760123.655962203,35R
291746.66417538794,2759615.8984039864,35R
291380.78707099357,2759226.6783532663,35R
296994.84317588917,2765202.244748607,35R
291618.30658921,2759479.34816518,35R
293859.1707326318,2761863.7745564478,35R
283269.97644759296,2750606.1407670043,35R
301558.4421370219,2770064.9842003523,35R
277256.7114517526,2744224.486680376,35R
284598.8650682952,2752017.531476329,35R
272612.0199428572,2739300.759799652,35R
269913.39855877846,2736442.2115944363,35R
292396.4229735185,2760307.1863398505,35R
263077.7406409943,2729208.643262876,35R
286299.7302052931,2753824.5701918937,35R
290387.0754276308,2758169.7204601886,35R
306804.6591535468,2775660.960708543,35R
291503.1933641688,2759356.890797954,35R
291246.3634283471,2759083.686081285,35R
294638.97055066365,2762693.7992156297,35R
308834.547246014,2777827.8718267414,35R
291689.2629741167,2759554.833008286,35R
293256.2683941076,2761222.135251015,35R
306736.4286088425,2775588.140849697,35R
293181.1198482935,2761142.1641155346,35R
292480.20512374706,2760396.3303463086,35R
292720.3541375359,2760651.8571139667,35R
294326.52804543695,2762361.2165787416,35R
292662.961481465,2760590.7881782907,35R
278860.39376764395,2745925.625996146,35R
305861.3542281197,2774654.301999361,35R
289421.564175393,2757142.9711903306,35R
295061.8321255249,2763143.9537946894,35R
291590.1702698287,2759449.4164921823,35R
262934.9020059274,2729057.5994087923,35R
301692.2432436277,2770207.627478729,35R
290455.5802335263,2758242.5782040716,35R
293158.7393766765,2761118.347644407,35R
278647.6208540078,2745699.889743705,35R
292558.0312084233,2760479.138535103,35R
288617.10249217215,2756287.6465950483,35R
290491.62970115873,2758280.918755103,35R
293097.1413526388,2761052.797887905,35R
306679.36437277764,2775527.2391865468,35R
284207.2995298483,2751601.6150412573,35R
291142.7454588185,2758973.465927605,35R
290170.9776111885,2757939.8982755393,35R
291149.42060044385,2758980.5663134716,35R
291205.4915213231,2759040.209666015,35R
291900.79263729876,2759779.869308859,35R
293819.6496372917,2761821.7116785357,35R
291213.2962268031,2759048.5116868983,35R
291880.9748572954,2759758.7856905293,35R
291325.74456871965,2759168.1267576134,35R
294349.82831448596,2762386.0180265605,35R
271203.360889729,2737808.4192583333,35R
292943.0410864888,2760888.8153009587,35R
296722.22245124064,2764911.903899615,35R
291839.7988633606,2759714.9799101874,35R
292406.7931263039,2760318.2200714345,35R
290496.7649368089,2758286.3803787413,35R
283423.48162659537,2750769.1558755003,35R
292052.96654329065,2759941.7661082945,35R
287846.3456876385,2755468.294604197,35R
289993.49270296225,2757751.1491820132,35R
291755.39239980583,2759625.1838580947,35R
291246.3634283471,2759083.686081285,35R
291955.0088478158,2759837.5489720884,35R
302573.9287354421,2771147.680872233,35R
292535.23791278875,2760454.8859651317,35R
301113.5464617195,2769590.71721667,35R
291873.3763143244,2759750.7018227377,35R
301176.9144264457,2769658.2658761763,35R
292198.2574884723,2760096.345055217,35R
274970.13546590187,2741799.94334358,35R
291158.2523158244,2758989.960674486,35R
289791.86483430443,2757536.7334993645,35R
287008.08853871434,2754577.3381980164,35R
283128.80609995243,2750456.229313419,35R
293022.09364219964,2760972.93675973,35R
291723.1492540117,2759590.882322209,35R
285524.0760112867,2753000.4165812726,35R
278993.9392214846,2746067.3129551904,35R
273346.2538110856,2740078.7850840488,35R
283520.64146016835,2750872.337667687,35R
282324.29325693636,2749601.987115565,35R
313271.6110416983,2782567.7513354844,35R
293167.5683792199,2761127.743129223,35R
273581.5415668164,2740328.131226355,35R
289996.77950422745,2757754.6445175153,35R
296008.86054369493,2764152.253897915,35R
306320.98537331197,2775144.7771736374,35R
290342.80882257933,2758122.6416259864,35R
294936.3107837823,2763010.3266254063,35R
293088.31225495867,2761043.4024425233,35R
285164.32720349287,2752618.219568457,35R
293874.8764521832,2761880.490480915,35R
289646.31503279414,2757381.958211149,35R
306657.5425481032,2775503.950096242,35R
302700.8405809301,2771283.0089459666,35R
291449.07609914686,2759299.321924023,35R
305065.58040121535,2773805.2414278826,35R
294429.0691359738,2762470.365058718,35R
292669.8404131497,2760598.1076998194,35R
293341.0661253307,2761312.3763340497,35R
291577.02625434776,2759435.433829996,35R
292211.81096683006,2760110.7652089046,35R
278068.1194339674,2745085.1329508023,35R
293803.73847945384,2761804.777301136,35R
290845.43801672326,2758657.2285226746,35R
291215.6581753114,2759051.0241413466,35R
292863.06356700195,2760803.711007565,35R
286068.59545170877,2753578.9691180126,35R
290256.94513464306,2758031.324333055,35R
291698.1966467616,2759564.3369112643,35R
291585.44664230495,2759444.3914717003,35R
306787.0381207989,2775642.154349841,35R
278934.5745882406,2746004.3287077136,35R
280166.8213726084,2747311.8699225504,35R
291662.25651022047,2759526.10284954,35R
287997.6891139048,2755629.1694814432,35R
313460.02576959896,2782769.125289139,35R
289423.20771969715,2757144.7187986556,35R
292235.63216375734,2760136.1097496445,35R
290958.81695540686,2758777.824096469,35R
282922.2374765499,2750236.8782396237,35R
299490.0700899459,2767860.444342025,35R
294597.0934478375,2762649.2214194615,35R
294257.0373220204,2762287.249469988,35R
285945.3682195477,2753448.0342125357,35R
294771.0664164859,2762834.416670518,35R
291219.97129647457,2759055.6121025532,35R
291817.10574844363,2759690.837618275,35R
292964.9089670344,2760912.0852232855,35R
313462.1749552409,2782771.4223437724,35R
306752.1032570711,2775604.869709595,35R
302452.96036982606,2771018.6938486863,35R
292311.61298799806,2760216.950335283,35R
292801.56542506156,2760738.271653392,35R
280943.51854886673,2748136.20003945,35R
301907.13948324486,2770436.7335688807,35R
274856.7896740629,2741679.788717755,35R
293195.8005747482,2761157.78686385,35R
271240.85484868666,2737848.13486056,35R
292796.5346666499,2760732.9185281834,35R
308558.0192683216,2777532.621751381,35R
290139.95918352983,2757906.910732607,35R
290383.6861157805,2758166.1158118933,35R
306424.362026226,2775255.0976983067,35R
293277.62192160246,2761244.859354864,35R
308783.4416701668,2777773.3048658753,35R
307781.21962997044,2776703.323564825,35R
285174.5032261099,2752629.0301723327,35R
293020.5536664792,2760971.2980262297,35R
290752.8026798812,2758558.6990466854,35R
295065.5269117671,2763147.8872343097,35R
293915.32107249706,2761923.536789862,35R
290548.11707181344,2758340.9967067945,35R
276883.13186418393,2743828.286607151,35R
293189.7434958016,2761151.341112889,35R
301569.20784524176,2770076.4612032664,35R
290671.2578507307,2758471.9673405173,35R
292841.6060172474,2760780.878217356,35R
292564.08887272736,2760485.5840434716,35R
291563.6768365988,2759421.232699905,35R
309782.7435187814,2778840.398485416,35R
282542.60317489726,2749833.777104736,35R
305826.4143696325,2774617.019445995,35R
280980.3402196814,2748175.2832385916,35R
271231.996404964,2737838.751496179,35R
290415.011506974,2758199.4315283317,35R
294401.1501997736,2762440.6468878873,35R
292750.1283044538,2760683.5387549764,35R
294172.66206713964,2762197.440482864,35R
294414.1858943992,2762454.5226453114,35R
263110.22697978164,2729242.996370655,35R
291367.64263491676,2759212.6958652404,35R
292735.44657702337,2760667.9164215247,35R
292768.3007465899,2760702.875508311,35R
282110.7065554004,2749375.222308144,35R
292661.4214211413,2760589.149479852,35R
297575.65043299925,2765820.8603033843,35R
292616.9648567452,2760541.84578305,35R
301692.2432436277,2770207.627478729,35R
305802.1305446509,2774591.1075711115,35R
286287.80882513174,2753811.902379872,35R
288309.6120037922,2755960.7532096454,35R
291503.1933641688,2759356.890797954,35R
289822.88491033274,2757569.720360372,35R
294678.486688141,2762735.86414999,35R
257453.67810171912,2723264.8858957114,35R
289943.88234605844,2757698.3915446424,35R
279611.3203338798,2746722.3839656874,35R
290424.87127122993,2758209.917799452,35R
291158.2523158244,2758989.960674486,35R
293803.01991012075,2761804.0125231813,35R
306630.90547931625,2775475.5221403516,35R
292251.1364306605,2760152.6055691773,35R
290732.9814231569,2758537.6168678496,35R
289089.4570480271,2756789.848580139,35R
284160.2155189846,2751551.6052586986,35R
283006.2435175844,2750326.0814154055,35R
305769.3421133053,2774556.1211337135,35R
294767.7820139957,2762830.9203411792,35R
290902.6412230777,2758718.072383582,35R
291667.2881412214,2759531.455613259,35R
293084.4110219518,2761039.2509682323,35R
291598.8987030202,2759458.7018598313,35R
295264.42648407794,2763359.638681699,35R
306815.6210508786,2775672.6600232003,35R
293006.79653394315,2760956.6586802946,35R
290620.00938423,2758417.459846072,35R
292334.9204422878,2760241.748804448,35R
275052.3897345781,2741887.1405227617,35R
286017.31100456335,2753524.4764935006,35R
302111.46886508015,2770654.583853807,35R
291277.3766146109,2759116.6757935393,35R
295137.3695618595,2763224.370955011,35R
293104.9438011269,2761061.100843752,35R
293454.09383591264,2761432.6620704243,35R
290602.9607072575,2758399.327129208,35R
291427.2031496583,2759276.0541015705,35R
283252.0861267999,2750587.1424511345,35R
292745.6108533713,2760678.7318816897,35R
292700.53884095396,2760630.7724667815,35R
306929.3368344964,2775794.0272031003,35R
291854.5852850217,2759730.7106518727,35R
285498.7914527926,2752973.553325806,35R
308811.2988678225,2777803.048759453,35R
292086.6455797783,2759977.5977168847,35R
292841.6060172474,2760780.878217356,35R
292934.21178065415,2760879.419941852,35R
306844.3063018365,2775703.275088928,35R
301401.2607655072,2769897.4208041746,35R
278287.9079180638,2745318.28399235,35R
290163.89063238597,2757932.3613812346,35R
294779.89323999116,2762843.813059011,35R
292590.27023864817,2760513.441775874,35R
299455.8138700775,2767823.9411284495,35R
303746.28243239876,2772397.9199075243,35R
285121.156023256,2752572.356472759,35R
292647.66353281843,2760574.5104471343,35R
292160.47188535356,2760056.14347607,35R
292782.0583810514,2760717.5146462275,35R
292478.6650203767,2760394.691665707,35R
294254.6764720486,2762284.7365603065,35R
295845.59312756755,2763978.4087491175,35R
276153.8189859685,2743054.902823116,35R
291408.4108388897,2759256.063461387,35R
314320.5637591558,2783688.9556596824,35R
289335.58568917355,2757051.5496675507,35R
292526.5107290107,2760445.6000799406,35R
290490.49994877505,2758279.7171981265,35R
278026.8568292376,2745041.362888758,35R
292076.06955955934,2759966.3457101085,35R
310185.77950768673,2779270.841116681,35R
293123.5259106775,2761080.875004146,35R
286418.12066818425,2753950.3751547257,35R
279819.844447937,2746943.6572735296,35R
270902.3714905766,2737489.6064893375,35R
291678.275566895,2759543.144306951,35R
301661.58714149194,2770174.945124279,35R
291487.6873244932,2759340.395712666,35R
291256.735404348,2759094.7190577504,35R
294552.23948831804,2762601.475227065,35R
302378.0203618849,2770938.787952007,35R
301753.86259657226,2770273.3202865776,35R
294305.99910513626,2762339.365111442,35R
293441.3642005335,2761419.114862521,35R
278864.0976841424,2745929.5556657165,35R
270728.2817284252,2737305.216981956,35R
262775.45541453944,2728888.9988558656,35R
295345.8114035165,2763446.284865128,35R
291955.0088478158,2759837.5489720884,35R
292008.9165661504,2759894.9010944995,35R
291369.7991457712,2759214.9898664327,35R
291030.7047579243,2758854.2891024076,35R
306503.55828591425,2775339.615276445,35R
306683.6672591012,2775531.831405165,35R
301271.7601446641,2769759.370742273,35R
289328.9086985977,2757044.450046711,35R
277976.4358401505,2744987.8784179552,35R
291823.57483447343,2759697.719806765,35R
291550.327391614,2759407.0315810926,35R
294370.1518292977,2762407.6510356367,35R
292078.22583691415,2759968.639808003,35R
279261.43354587257,2746351.1268433686,35R
278568.1893627255,2745615.62141978,35R
292057.58715307264,2759946.6820259527,35R
289685.34775980783,2757423.4645086466,35R
292171.7665178557,2760068.1602429696,35R
294911.47307767894,2762983.8853909136,35R
293361.59809817607,2761334.2265438135,35R
308020.3945452273,2776958.6478960267,35R
285951.4319989763,2753454.4771922412,35R
292150.1013419712,2760045.1099063046,35R
292499.3023754067,2760416.649998262,35R
291660.6135278313,2759524.3550086725,35R
306745.2392000999,2775597.5439977525,35R
291129.600544638,2758959.483637525,35R
289412.73011769523,2757133.5777985062,35R
289408.10764089803,2757128.662653584,35R
290465.95346249855,2758253.6106619067,35R
293379.0502243738,2761352.799243139,35R
290717.4735586962,2758521.122537997,35R
295712.0822914331,2763836.252537671,35R
291753.1333310733,2759622.7805636274,35R
292612.0366277612,2760536.6019629417,35R
278016.6697624645,2745030.5568298795,35R
290548.11707181344,2758340.9967067945,35R
296543.37624233385,2764721.442001058,35R
291277.3766146109,2759116.6757935393,35R
290162.1445639675,2757930.504465734,35R
305958.2831713896,2774757.7314305436,35R
283056.83170566626,2750379.800064759,35R
292495.7088108063,2760412.826406076,35R
306765.4215558042,2775619.0837860247,35R
260608.0069600886,2726597.667876723,35R
271273.8163959101,2737883.0497472202,35R
283252.0861267999,2750587.1424511345,35R
288288.24226597196,2755938.0358152706,35R
290065.18568120344,2757827.391342529,35R
294601.60961890675,2762654.0288234917,35R
293200.7283636484,2761163.030866348,35R
272124.8886579989,2738784.640766107,35R
293670.80180761835,2761663.2939372826,35R
294498.04481953173,2762543.786634244,35R
292693.86528195377,2760623.6714254045,35R
290239.38196888176,2758012.6458532475,35R
261336.035286405,2727367.19260065,35R
295502.2153851213,2763612.80405999,35R
292152.97634574457,2760048.1687170425,35R
285026.8979610454,2752472.2224535556,35R
291174.4779944173,2759007.2200947916,35R
292858.5461939594,2760798.904101938,35R
292528.8722034177,2760448.112730751,35R
292696.0213556065,2760625.965607695,35R
288134.0287763795,2755774.1000868096,35R
288873.7273497714,2756560.4809866413,35R
290989.8315041809,2758810.8132446622,35R
291646.95622075046,2759509.8260880746,35R
282796.894768781,2750103.78399157,35R
307879.4514256655,2776808.186514904,35R
294154.39088296227,2762177.9928542096,35R
291449.07609914686,2759299.321924023,35R
246960.99312722206,2712194.159230066,35R
290948.6499024699,2758767.0097862943,35R
306565.1319400062,2775405.327153144,35R
288601.1786812454,2756270.717456161,35R
305839.7345725177,2774631.2327268487,35R
308966.25233836425,2777968.500084463,35R
306570.76677094866,2775411.340731453,35R
291391.8776683969,2759238.4760860414,35R
308477.7215208556,2777446.8908048626,35R
278808.9502680894,2745871.04734037,35R
290021.1223247575,2757780.531867318,35R
291862.5945828003,2759739.2314760657,35R
291174.4779944173,2759007.2200947916,35R
257173.1250644923,2722968.5660049682,35R
296788.19832795206,2764982.1666062805,35R
300745.7334693393,2769198.6558875926,35R
308455.59849682165,2777423.271127605,35R
292226.8019026024,2760126.7147863843,35R
282073.99403674563,2749336.24568811,35R
277080.21573769563,2744037.300166694,35R
289778.5117762231,2757522.533875914,35R
285148.3950152276,2752601.2938885726,35R
300902.7256142551,2769365.9940786758,35R
312100.88050188427,2781316.6812892933,35R
291524.1418627277,2759379.175573102,35R
260345.7446596212,2726320.485475311,35R
291797.39039918355,2759669.863345885,35R
290258.89659459784,2758033.399720903,35R
303715.32853904023,2772364.905552741,35R
289469.6376759851,2757194.088804261,35R
290999.9984931548,2758821.6275813146,35R
292306.17114750226,2760211.160389288,35R
306949.8259524523,2775815.8952522282,35R
298830.9651874836,2767158.153164273,35R
309514.3461010311,2778553.770653394,35R
294800.1127790853,2762865.337362947,35R
275040.96273209876,2741875.02674691,35R
302529.9498192081,2771100.7863286985,35R
293084.4110219518,2761039.2509682323,35R
293881.3435021993,2761887.3735131877,35R
292751.25766673667,2760684.740473501,35R
304399.354643883,2773094.5152986106,35R
293220.4394820932,2761184.006891744,35R
304544.5753539017,2773249.427325948,35R
271260.734801446,2737869.192893568,35R
267388.7899895237,2733769.4449826153,35R
292176.07900875603,2760072.74846519,35R
264120.8340965472,2730311.7918459713,35R
278818.00435307674,2745880.6531718466,35R
315288.92798909533,2784724.24644511,35R
302215.1176894766,2770765.094982434,35R
277885.98579536297,2744891.934222401,35R
274650.78567828436,2741461.4170874567,35R
290408.9518528263,2758192.9868439217,35R
274190.67665224255,2740973.7190136644,35R
290695.5981642556,2758497.8557276935,35R
290036.5291264474,2757796.916285267,35R
264131.24874038366,2730322.8073071856,35R
303763.8092402952,2772416.6134933513,35R
279641.15398554294,2746754.041056315,35R
283454.1205437848,2750801.6935620373,35R
293033.0787918153,2760984.626396397,35R
293033.0787918153,2760984.626396397,35R
286057.29029736284,2753566.956701617,35R
258147.78478872846,2723998.0745822056,35R
301395.0062421849,2769890.753278454,35R
300437.58306232834,2768870.214191891,35R
289831.4102697355,2757578.7862963914,35R
298127.682257601,2766408.89832179,35R
289475.69819910324,2757200.5331291896,35R
306494.7473657194,2775330.2122658514,35R
290743.1488110453,2758548.431039383,35R
293735.78200138593,2761732.451302413,35R
294336.68984700664,2762372.0330649596,35R
279508.54751499,2746613.3311710167,35R
291638.7412854673,2759501.0868934016,35R
293364.7805481927,2761337.61332872,35R
292057.58715307264,2759946.6820259527,35R
293977.42463397735,2761989.636019718,35R
291770.07632755174,2759640.805280006,35R
294282.28809877567,2762314.126700026,35R
290996.6094985849,2758818.0228017047,35R
291405.0220557945,2759252.4585942235,35R
291236.196822057,2759072.8715862064,35R
298995.1835301145,2767333.122271762,35R
297610.2243251616,2765857.6872390523,35R
292094.6545934201,2759986.118658769,35R
295045.0002950642,2763126.0348029584,35R
304890.4478539512,2773618.401101975,35R
278186.24636349146,2745210.4403470354,35R
293423.0909709143,2761399.6680820505,35R
306633.2618398202,2775478.0369192185,35R
290060.871799256,2757822.8036961835,35R
280897.23403403885,2748087.0732331644,35R
292139.9361399247,2760034.294829679,35R
293191.28343165887,2761152.979862912,35R
291493.12984591565,2759346.1853766306,35R
281353.8936987201,2748571.7969031017,35R
292982.1568212111,2760930.438986228,35R
304826.29630429076,2773549.9627174535,35R
293164.2831703645,2761124.2471342953,35R
290681.6307380231,2758482.999939755,35R
290573.6902848267,2758368.1957003316,35R
284073.14005192526,2751459.120284501,35R
308086.9727122899,2777029.7238498526,35R
308803.9249154215,2777795.1753709693,35R
262759.4692914175,2728872.095263562,35R
291903.66775065445,2759782.9280742053,35R
293792.75462530425,2761793.0871274034,35R
294613.92643321835,2762667.139931978,35R
283077.3958986244,2750401.6369598676,35R
294687.31363681925,2762745.2604865488,35R
288857.29051026586,2756543.005480805,35R
292451.66181567556,2760365.960156903,35R
297637.8217513249,2765887.0832750713,35R
278398.93124928384,2745436.061339101,35R
309562.78339215857,2778605.496734924,35R
292052.96654329065,2759941.7661082945,35R
294321.3958164118,2762355.753709407,35R
273998.6548177303,2740770.1970616314,35R
289533.42696883506,2757261.918170998,35R
292365.7231178782,2760274.5221645106,35R
296656.0406910383,2764841.4229250913,35R
292191.583416839,2760089.2442262378,35R
291020.53781664395,2758843.474746011,35R
